{"masterVolume":0.009491230361163617,"dialogueVolume":1.0,"musicVolume":0.10558963567018509,"mouseSensitivity":69.88959503173828}